{"model":"garment","case":"shape_pose","params":{"shape":[-0.20000000298023224,-0.17142857611179352,-0.1428571492433548,-0.11428571492433548,-0.08571428805589676,-0.05714286118745804,-0.02857143059372902,1.862645149230957e-09,0.02857143059372902,0.05714286118745804,0.08571428805589676,0.11428571492433548,0.1428571492433548,0.17142857611179352,0.20000000298023224],"body_pose":[[0.0,0.0,0.0],[0.0,0.0,0.0],[0.10000000149011612,-0.03999999910593033,0.029999999329447746],[0.0,0.0,0.0],[0.0,0.0,0.0],[0.0,0.0,0.0],[0.0,0.0,0.0],[0.0,0.0,0.0],[0.0,0.0,0.0],[0.0,0.0,0.0],[0.0,0.0,0.0],[0.0,0.0,0.0],[-0.07999999821186066,0.019999999552965164,0.05999999865889549],[0.0,0.0,0.0],[0.0,0.0,0.0],[0.0,0.0,0.0],[0.0,0.0,0.0],[0.0,0.0,0.0],[0.0,0.0,0.0],[0.0,0.0,0.0],[0.0,0.0,0.0],[0.0,0.0,0.0],[0.0,0.0,0.0],[0.0,0.0,0.0],[0.0,0.0,0.0]],"head_pose":[[0.0,0.0,0.0],[0.019999999552965164,0.05000000074505806,-0.029999999329447746],[0.0,0.0,0.0]],"hand_pose":[[-0.5,0.0,-0.5],[0.20000000298023224,0.0,0.20000000298023224],[0.0,0.0,0.0],[-0.4000000059604645,0.20000000298023224,0.4000000059604645],[0.10000000149011612,0.0,-0.6000000238418579],[0.10000000149011612,-0.20000000298023224,0.03999999910593033],[0.30000001192092896,0.0,-0.10000000149011612],[-0.20000000298023224,0.0,-0.10000000149011612],[0.0,0.0,0.0],[-0.30000001192092896,0.0,-0.10000000149011612],[-0.10000000149011612,0.0,0.0],[0.0,0.0,0.0],[-0.4000000059604645,0.0,-0.4000000059604645],[0.0,0.0,0.30000001192092896],[0.0,0.0,0.0],[-0.5,0.0,0.5],[0.20000000298023224,0.0,-0.20000000298023224],[0.0,0.0,0.0],[-0.4000000059604645,-0.20000000298023224,-0.4000000059604645],[0.10000000149011612,0.0,0.6000000238418579],[0.0,0.0,0.0],[0.30000001192092896,0.0,0.10000000149011612],[-0.20000000298023224,0.0,0.10000000149011612],[0.0,0.0,0.0],[-0.30000001192092896,0.0,0.10000000149011612],[-0.10000000149011612,0.0,0.0],[0.0,0.0,0.0],[-0.4000000059604645,0.0,0.4000000059604645],[0.0,0.0,-0.30000001192092896],[0.0,0.0,0.0]],"pelvis_rotation":[0.019999999552965164,-0.009999999776482582,0.029999999329447746],"global_rotation":[0.029999999329447746,-0.03999999910593033,0.019999999552965164],"global_translation":[0.10000000149011612,-0.20000000298023224,0.30000001192092896]}}