{"model":"smplh","case":"shape_pose","params":{"shape":[0.25,-0.15000000596046448,0.10000000149011612,0.05000000074505806,-0.03999999910593033,0.029999999329447746,0.019999999552965164,-0.009999999776482582,0.014999999664723873,-0.019999999552965164],"body_pose":[[0.07000000029802322,-0.10999999940395355,0.09000000357627869],[0.03999999910593033,-0.019999999552965164,0.029999999329447746],[0.07000000029802322,0.0,0.0],[-0.12999999523162842,-0.019999999552965164,-0.009999999776482582],[-0.12999999523162842,0.019999999552965164,0.009999999776482582],[-0.09000000357627869,0.0,0.0],[0.09000000357627869,0.009999999776482582,0.07999999821186066],[-0.09000000357627869,0.009999999776482582,-0.07999999821186066],[0.0,0.0,0.0],[-0.25,0.12999999523162842,-0.38999998569488525],[-0.029999999329447746,0.05000000074505806,0.019999999552965164],[0.30000001192092896,0.0,0.0],[-0.17000000178813934,0.009999999776482582,-0.1899999976158142],[-0.17000000178813934,-0.009999999776482582,0.1899999976158142],[-0.23000000417232513,0.0,0.0],[0.3199999928474426,-0.1599999964237213,-0.6100000143051147],[0.3199999928474426,0.1599999964237213,0.6100000143051147],[-0.36000001430511475,-0.4699999988079071,0.23999999463558197],[-0.36000001430511475,0.4699999988079071,-0.23999999463558197],[-0.12999999523162842,-0.05000000074505806,-0.10000000149011612],[0.12999999523162842,0.05000000074505806,0.10000000149011612]],"hand_pose":[[0.0,0.0,0.0],[0.0,-0.10000000149011612,0.0],[0.0,0.0,0.0],[0.0,0.0,-0.10000000149011612],[0.10000000149011612,-0.05000000074505806,0.019999999552965164],[0.0,0.0,0.0],[-0.20000000298023224,0.10000000149011612,-0.20000000298023224],[-0.10000000149011612,0.0,-0.20000000298023224],[0.0,0.0,0.0],[0.0,0.10000000149011612,-0.10000000149011612],[0.0,-0.10000000149011612,-0.20000000298023224],[0.0,0.0,0.0],[-0.4000000059604645,0.0,0.20000000298023224],[-0.20000000298023224,-0.10000000149011612,0.20000000298023224],[0.0,0.0,0.0],[0.0,0.0,-0.10000000149011612],[0.0,0.10000000149011612,0.0],[0.0,0.0,0.0],[0.0,0.0,0.10000000149011612],[-0.07999999821186066,0.029999999329447746,-0.03999999910593033],[0.0,0.0,0.0],[-0.20000000298023224,0.0,0.30000001192092896],[-0.10000000149011612,0.0,0.20000000298023224],[0.0,0.0,0.0],[0.0,0.0,0.10000000149011612],[-0.10000000149011612,0.10000000149011612,0.20000000298023224],[0.0,0.0,0.0],[-0.4000000059604645,0.0,-0.20000000298023224],[-0.20000000298023224,0.20000000298023224,-0.20000000298023224],[0.0,0.0,0.0]],"pelvis_rotation":[0.019999999552965164,-0.029999999329447746,0.009999999776482582],"global_rotation":[0.029999999329447746,0.009999999776482582,-0.019999999552965164],"global_translation":[0.10000000149011612,-0.05000000074505806,0.20000000298023224]}}